{"__meta":{"schema_version":3,"schema_name":"DRFModelV3","schema_type":"DRFModel"},"model_id":{"__meta":{"schema_version":3,"schema_name":"ModelKeyV3","schema_type":"Key<Model>"},"name":"DRF_1_AutoML_20210221_132104","type":"Key<Model>","URL":"/3/Models/DRF_1_AutoML_20210221_132104"},"algo":"drf","algo_full_name":"Distributed Random Forest","response_column_name":"Item_Outlet_Sales","data_frame":{"__meta":{"schema_version":3,"schema_name":"FrameKeyV3","schema_type":"Key<Frame>"},"name":"automl_training_Key_Frame__upload_aaaea0010a00d12ebdd93b8dc9da4907.hex","type":"Key<Frame>","URL":"/3/Frames/automl_training_Key_Frame__upload_aaaea0010a00d12ebdd93b8dc9da4907.hex"},"timestamp":1613893898238,"have_pojo":true,"have_mojo":true,"algo":"drf","algo_full_name":"Distributed Random Forest","model_id":{"__meta":{"schema_version":3,"schema_name":"ModelKeyV3","schema_type":"Key<Model>"},"name":"DRF_1_AutoML_20210221_132104","type":"Key<Model>","URL":"/3/Models/DRF_1_AutoML_20210221_132104"},"parameters":[{"__meta":{"schema_version":3,"schema_name":"ModelParameterSchemaV3","schema_type":"Iced"},"name":"model_id","label":"model_id","help":"Destination id for this model; auto-generated if not specified.","required":false,"type":"Key<Model>","default_value":null,"actual_value":{"__meta":{"schema_version":3,"schema_name":"ModelKeyV3","schema_type":"Key<Model>"},"name":"DRF_1_AutoML_20210221_132104","type":"Key<Model>","URL":"/3/Models/DRF_1_AutoML_20210221_132104"},"input_value":null,"level":"critical","values":[],"is_member_of_frames":[],"is_mutually_exclusive_with":[],"gridable":false},{"__meta":{"schema_version":3,"schema_name":"ModelParameterSchemaV3","schema_type":"Iced"},"name":"training_frame","label":"training_frame","help":"Id of the training data frame.","required":false,"type":"Key<Frame>","default_value":null,"actual_value":{"__meta":{"schema_version":3,"schema_name":"FrameKeyV3","schema_type":"Key<Frame>"},"name":"automl_training_Key_Frame__upload_aaaea0010a00d12ebdd93b8dc9da4907.hex","type":"Key<Frame>","URL":"/3/Frames/automl_training_Key_Frame__upload_aaaea0010a00d12ebdd93b8dc9da4907.hex"},"input_value":{"__meta":{"schema_version":3,"schema_name":"FrameKeyV3","schema_type":"Key<Frame>"},"name":"automl_training_Key_Frame__upload_aaaea0010a00d12ebdd93b8dc9da4907.hex","type":"Key<Frame>","URL":"/3/Frames/automl_training_Key_Frame__upload_aaaea0010a00d12ebdd93b8dc9da4907.hex"},"level":"critical","values":[],"is_member_of_frames":[],"is_mutually_exclusive_with":[],"gridable":false},{"__meta":{"schema_version":3,"schema_name":"ModelParameterSchemaV3","schema_type":"Iced"},"name":"validation_frame","label":"validation_frame","help":"Id of the validation data frame.","required":false,"type":"Key<Frame>","default_value":null,"actual_value":null,"input_value":null,"level":"critical","values":[],"is_member_of_frames":[],"is_mutually_exclusive_with":[],"gridable":true},{"__meta":{"schema_version":3,"schema_name":"ModelParameterSchemaV3","schema_type":"Iced"},"name":"nfolds","label":"nfolds","help":"Number of folds for K-fold cross-validation (0 to disable or >= 2).","required":false,"type":"int","default_value":0,"actual_value":5,"input_value":5,"level":"critical","values":[],"is_member_of_frames":[],"is_mutually_exclusive_with":[],"gridable":false},{"__meta":{"schema_version":3,"schema_name":"ModelParameterSchemaV3","schema_type":"Iced"},"name":"keep_cross_validation_models","label":"keep_cross_validation_models","help":"Whether to keep the cross-validation models.","required":false,"type":"boolean","default_value":true,"actual_value":false,"input_value":false,"level":"expert","values":[],"is_member_of_frames":[],"is_mutually_exclusive_with":[],"gridable":false},{"__meta":{"schema_version":3,"schema_name":"ModelParameterSchemaV3","schema_type":"Iced"},"name":"keep_cross_validation_predictions","label":"keep_cross_validation_predictions","help":"Whether to keep the predictions of the cross-validation models.","required":false,"type":"boolean","default_value":false,"actual_value":true,"input_value":true,"level":"expert","values":[],"is_member_of_frames":[],"is_mutually_exclusive_with":[],"gridable":false},{"__meta":{"schema_version":3,"schema_name":"ModelParameterSchemaV3","schema_type":"Iced"},"name":"keep_cross_validation_fold_assignment","label":"keep_cross_validation_fold_assignment","help":"Whether to keep the cross-validation fold assignment.","required":false,"type":"boolean","default_value":false,"actual_value":false,"input_value":false,"level":"expert","values":[],"is_member_of_frames":[],"is_mutually_exclusive_with":[],"gridable":false},{"__meta":{"schema_version":3,"schema_name":"ModelParameterSchemaV3","schema_type":"Iced"},"name":"score_each_iteration","label":"score_each_iteration","help":"Whether to score during each iteration of model training.","required":false,"type":"boolean","default_value":false,"actual_value":false,"input_value":false,"level":"secondary","values":[],"is_member_of_frames":[],"is_mutually_exclusive_with":[],"gridable":false},{"__meta":{"schema_version":3,"schema_name":"ModelParameterSchemaV3","schema_type":"Iced"},"name":"score_tree_interval","label":"score_tree_interval","help":"Score the model after every so many trees. Disabled if set to 0.","required":false,"type":"int","default_value":0,"actual_value":5,"input_value":5,"level":"secondary","values":[],"is_member_of_frames":[],"is_mutually_exclusive_with":[],"gridable":false},{"__meta":{"schema_version":3,"schema_name":"ModelParameterSchemaV3","schema_type":"Iced"},"name":"fold_assignment","label":"fold_assignment","help":"Cross-validation fold assignment scheme, if fold_column is not specified. The 'Stratified' option will stratify the folds based on the response variable, for classification problems.","required":false,"type":"enum","default_value":"AUTO","actual_value":"Modulo","input_value":"Modulo","level":"secondary","values":["AUTO","Random","Modulo","Stratified"],"is_member_of_frames":[],"is_mutually_exclusive_with":[],"gridable":true},{"__meta":{"schema_version":3,"schema_name":"ModelParameterSchemaV3","schema_type":"Iced"},"name":"fold_column","label":"fold_column","help":"Column with cross-validation fold index assignment per observation.","required":false,"type":"VecSpecifier","default_value":null,"actual_value":null,"input_value":null,"level":"secondary","values":[],"is_member_of_frames":["training_frame"],"is_mutually_exclusive_with":["response_column","weights_column","ignored_columns","offset_column"],"gridable":true},{"__meta":{"schema_version":3,"schema_name":"ModelParameterSchemaV3","schema_type":"Iced"},"name":"response_column","label":"response_column","help":"Response variable column.","required":false,"type":"VecSpecifier","default_value":null,"actual_value":{"__meta":{"schema_version":3,"schema_name":"ColSpecifierV3","schema_type":"VecSpecifier"},"column_name":"Item_Outlet_Sales","is_member_of_frames":null},"input_value":{"__meta":{"schema_version":3,"schema_name":"ColSpecifierV3","schema_type":"VecSpecifier"},"column_name":"Item_Outlet_Sales","is_member_of_frames":null},"level":"critical","values":[],"is_member_of_frames":["training_frame","validation_frame"],"is_mutually_exclusive_with":["weights_column","ignored_columns","offset_column","fold_column"],"gridable":true},{"__meta":{"schema_version":3,"schema_name":"ModelParameterSchemaV3","schema_type":"Iced"},"name":"ignored_columns","label":"ignored_columns","help":"Names of columns to ignore for training.","required":false,"type":"string[]","default_value":null,"actual_value":[],"input_value":[],"level":"critical","values":[],"is_member_of_frames":["training_frame","validation_frame"],"is_mutually_exclusive_with":["response_column","weights_column","offset_column","fold_column"],"gridable":false},{"__meta":{"schema_version":3,"schema_name":"ModelParameterSchemaV3","schema_type":"Iced"},"name":"ignore_const_cols","label":"ignore_const_cols","help":"Ignore constant columns.","required":false,"type":"boolean","default_value":true,"actual_value":true,"input_value":true,"level":"critical","values":[],"is_member_of_frames":[],"is_mutually_exclusive_with":[],"gridable":false},{"__meta":{"schema_version":3,"schema_name":"ModelParameterSchemaV3","schema_type":"Iced"},"name":"offset_column","label":"offset_column","help":"Offset column. This will be added to the combination of columns before applying the link function.","required":false,"type":"VecSpecifier","default_value":null,"actual_value":null,"input_value":null,"level":"secondary","values":[],"is_member_of_frames":["training_frame","validation_frame"],"is_mutually_exclusive_with":["response_column","weights_column","ignored_columns","fold_column"],"gridable":true},{"__meta":{"schema_version":3,"schema_name":"ModelParameterSchemaV3","schema_type":"Iced"},"name":"weights_column","label":"weights_column","help":"Column with observation weights. Giving some observation a weight of zero is equivalent to excluding it from the dataset; giving an observation a relative weight of 2 is equivalent to repeating that row twice. Negative weights are not allowed. Note: Weights are per-row observation weights and do not increase the size of the data frame. This is typically the number of times a row is repeated, but non-integer values are supported as well. During training, rows with higher weights matter more, due to the larger loss function pre-factor.","required":false,"type":"VecSpecifier","default_value":null,"actual_value":null,"input_value":null,"level":"secondary","values":[],"is_member_of_frames":["training_frame","validation_frame"],"is_mutually_exclusive_with":["response_column","ignored_columns","offset_column","fold_column"],"gridable":true},{"__meta":{"schema_version":3,"schema_name":"ModelParameterSchemaV3","schema_type":"Iced"},"name":"balance_classes","label":"balance_classes","help":"Balance training data class counts via over/under-sampling (for imbalanced data).","required":false,"type":"boolean","default_value":false,"actual_value":false,"input_value":false,"level":"secondary","values":[],"is_member_of_frames":[],"is_mutually_exclusive_with":[],"gridable":true},{"__meta":{"schema_version":3,"schema_name":"ModelParameterSchemaV3","schema_type":"Iced"},"name":"class_sampling_factors","label":"class_sampling_factors","help":"Desired over/under-sampling ratios per class (in lexicographic order). If not specified, sampling factors will be automatically computed to obtain class balance during training. Requires balance_classes.","required":false,"type":"float[]","default_value":null,"actual_value":null,"input_value":null,"level":"expert","values":[],"is_member_of_frames":[],"is_mutually_exclusive_with":[],"gridable":true},{"__meta":{"schema_version":3,"schema_name":"ModelParameterSchemaV3","schema_type":"Iced"},"name":"max_after_balance_size","label":"max_after_balance_size","help":"Maximum relative size of the training data after balancing class counts (can be less than 1.0). Requires balance_classes.","required":false,"type":"float","default_value":5.0,"actual_value":5.0,"input_value":5.0,"level":"expert","values":[],"is_member_of_frames":[],"is_mutually_exclusive_with":[],"gridable":true},{"__meta":{"schema_version":3,"schema_name":"ModelParameterSchemaV3","schema_type":"Iced"},"name":"max_confusion_matrix_size","label":"max_confusion_matrix_size","help":"[Deprecated] Maximum size (# classes) for confusion matrices to be printed in the Logs","required":false,"type":"int","default_value":20,"actual_value":20,"input_value":20,"level":"secondary","values":[],"is_member_of_frames":[],"is_mutually_exclusive_with":[],"gridable":false},{"__meta":{"schema_version":3,"schema_name":"ModelParameterSchemaV3","schema_type":"Iced"},"name":"ntrees","label":"ntrees","help":"Number of trees.","required":false,"type":"int","default_value":50,"actual_value":46,"input_value":50,"level":"critical","values":[],"is_member_of_frames":[],"is_mutually_exclusive_with":[],"gridable":true},{"__meta":{"schema_version":3,"schema_name":"ModelParameterSchemaV3","schema_type":"Iced"},"name":"max_depth","label":"max_depth","help":"Maximum tree depth (0 for unlimited).","required":false,"type":"int","default_value":20,"actual_value":20,"input_value":20,"level":"critical","values":[],"is_member_of_frames":[],"is_mutually_exclusive_with":[],"gridable":true},{"__meta":{"schema_version":3,"schema_name":"ModelParameterSchemaV3","schema_type":"Iced"},"name":"min_rows","label":"min_rows","help":"Fewest allowed (weighted) observations in a leaf.","required":false,"type":"double","default_value":1.0,"actual_value":1.0,"input_value":1.0,"level":"critical","values":[],"is_member_of_frames":[],"is_mutually_exclusive_with":[],"gridable":true},{"__meta":{"schema_version":3,"schema_name":"ModelParameterSchemaV3","schema_type":"Iced"},"name":"nbins","label":"nbins","help":"For numerical columns (real/int), build a histogram of (at least) this many bins, then split at the best point","required":false,"type":"int","default_value":20,"actual_value":20,"input_value":20,"level":"critical","values":[],"is_member_of_frames":[],"is_mutually_exclusive_with":[],"gridable":true},{"__meta":{"schema_version":3,"schema_name":"ModelParameterSchemaV3","schema_type":"Iced"},"name":"nbins_top_level","label":"nbins_top_level","help":"For numerical columns (real/int), build a histogram of (at most) this many bins at the root level, then decrease by factor of two per level","required":false,"type":"int","default_value":1024,"actual_value":1024,"input_value":1024,"level":"secondary","values":[],"is_member_of_frames":[],"is_mutually_exclusive_with":[],"gridable":true},{"__meta":{"schema_version":3,"schema_name":"ModelParameterSchemaV3","schema_type":"Iced"},"name":"nbins_cats","label":"nbins_cats","help":"For categorical columns (factors), build a histogram of this many bins, then split at the best point. Higher values can lead to more overfitting.","required":false,"type":"int","default_value":1024,"actual_value":1024,"input_value":1024,"level":"secondary","values":[],"is_member_of_frames":[],"is_mutually_exclusive_with":[],"gridable":true},{"__meta":{"schema_version":3,"schema_name":"ModelParameterSchemaV3","schema_type":"Iced"},"name":"r2_stopping","label":"r2_stopping","help":"r2_stopping is no longer supported and will be ignored if set - please use stopping_rounds, stopping_metric and stopping_tolerance instead. Previous version of H2O would stop making trees when the R^2 metric equals or exceeds this","required":false,"type":"double","default_value":1.7976931348623157E308,"actual_value":1.7976931348623157E308,"input_value":1.7976931348623157E308,"level":"secondary","values":[],"is_member_of_frames":[],"is_mutually_exclusive_with":[],"gridable":true},{"__meta":{"schema_version":3,"schema_name":"ModelParameterSchemaV3","schema_type":"Iced"},"name":"stopping_rounds","label":"stopping_rounds","help":"Early stopping based on convergence of stopping_metric. Stop if simple moving average of length k of the stopping_metric does not improve for k:=stopping_rounds scoring events (0 to disable)","required":false,"type":"int","default_value":0,"actual_value":0,"input_value":3,"level":"secondary","values":[],"is_member_of_frames":[],"is_mutually_exclusive_with":[],"gridable":true},{"__meta":{"schema_version":3,"schema_name":"ModelParameterSchemaV3","schema_type":"Iced"},"name":"stopping_metric","label":"stopping_metric","help":"Metric to use for early stopping (AUTO: logloss for classification, deviance for regression and anonomaly_score for Isolation Forest). Note that custom and custom_increasing can only be used in GBM and DRF with the Python client.","required":false,"type":"enum","default_value":"AUTO","actual_value":"deviance","input_value":"deviance","level":"secondary","values":["AUTO","deviance","logloss","MSE","RMSE","MAE","RMSLE","AUC","AUCPR","lift_top_group","misclassification","mean_per_class_error","anomaly_score","custom","custom_increasing"],"is_member_of_frames":[],"is_mutually_exclusive_with":[],"gridable":true},{"__meta":{"schema_version":3,"schema_name":"ModelParameterSchemaV3","schema_type":"Iced"},"name":"stopping_tolerance","label":"stopping_tolerance","help":"Relative tolerance for metric-based stopping criterion (stop if relative improvement is not at least this much)","required":false,"type":"double","default_value":0.001,"actual_value":0.010831877897521379,"input_value":0.010831877897521379,"level":"secondary","values":[],"is_member_of_frames":[],"is_mutually_exclusive_with":[],"gridable":true},{"__meta":{"schema_version":3,"schema_name":"ModelParameterSchemaV3","schema_type":"Iced"},"name":"max_runtime_secs","label":"max_runtime_secs","help":"Maximum allowed runtime in seconds for model training. Use 0 to disable.","required":false,"type":"double","default_value":0.0,"actual_value":0.0,"input_value":4.010161829849334E14,"level":"secondary","values":[],"is_member_of_frames":[],"is_mutually_exclusive_with":[],"gridable":true},{"__meta":{"schema_version":3,"schema_name":"ModelParameterSchemaV3","schema_type":"Iced"},"name":"seed","label":"seed","help":"Seed for pseudo random number generator (if applicable)","required":false,"type":"long","default_value":-1,"actual_value":2,"input_value":2,"level":"critical","values":[],"is_member_of_frames":[],"is_mutually_exclusive_with":[],"gridable":true},{"__meta":{"schema_version":3,"schema_name":"ModelParameterSchemaV3","schema_type":"Iced"},"name":"build_tree_one_node","label":"build_tree_one_node","help":"Run on one node only; no network overhead but fewer cpus used. Suitable for small datasets.","required":false,"type":"boolean","default_value":false,"actual_value":false,"input_value":false,"level":"expert","values":[],"is_member_of_frames":[],"is_mutually_exclusive_with":[],"gridable":false},{"__meta":{"schema_version":3,"schema_name":"ModelParameterSchemaV3","schema_type":"Iced"},"name":"mtries","label":"mtries","help":"Number of variables randomly sampled as candidates at each split. If set to -1, defaults to sqrt{p} for classification and p/3 for regression (where p is the # of predictors","required":false,"type":"int","default_value":-1,"actual_value":-1,"input_value":-1,"level":"critical","values":[],"is_member_of_frames":[],"is_mutually_exclusive_with":[],"gridable":true},{"__meta":{"schema_version":3,"schema_name":"ModelParameterSchemaV3","schema_type":"Iced"},"name":"sample_rate","label":"sample_rate","help":"Row sample rate per tree (from 0.0 to 1.0)","required":false,"type":"double","default_value":0.632,"actual_value":0.632,"input_value":0.632,"level":"critical","values":[],"is_member_of_frames":[],"is_mutually_exclusive_with":[],"gridable":true},{"__meta":{"schema_version":3,"schema_name":"ModelParameterSchemaV3","schema_type":"Iced"},"name":"sample_rate_per_class","label":"sample_rate_per_class","help":"A list of row sample rates per class (relative fraction for each class, from 0.0 to 1.0), for each tree","required":false,"type":"double[]","default_value":null,"actual_value":null,"input_value":null,"level":"expert","values":[],"is_member_of_frames":[],"is_mutually_exclusive_with":[],"gridable":true},{"__meta":{"schema_version":3,"schema_name":"ModelParameterSchemaV3","schema_type":"Iced"},"name":"binomial_double_trees","label":"binomial_double_trees","help":"For binary classification: Build 2x as many trees (one per class) - can lead to higher accuracy.","required":false,"type":"boolean","default_value":false,"actual_value":false,"input_value":false,"level":"expert","values":[],"is_member_of_frames":[],"is_mutually_exclusive_with":[],"gridable":false},{"__meta":{"schema_version":3,"schema_name":"ModelParameterSchemaV3","schema_type":"Iced"},"name":"checkpoint","label":"checkpoint","help":"Model checkpoint to resume training with.","required":false,"type":"Key<Model>","default_value":null,"actual_value":null,"input_value":null,"level":"secondary","values":[],"is_member_of_frames":[],"is_mutually_exclusive_with":[],"gridable":false},{"__meta":{"schema_version":3,"schema_name":"ModelParameterSchemaV3","schema_type":"Iced"},"name":"col_sample_rate_change_per_level","label":"col_sample_rate_change_per_level","help":"Relative change of the column sampling rate for every level (must be > 0.0 and <= 2.0)","required":false,"type":"double","default_value":1.0,"actual_value":1.0,"input_value":1.0,"level":"expert","values":[],"is_member_of_frames":[],"is_mutually_exclusive_with":[],"gridable":true},{"__meta":{"schema_version":3,"schema_name":"ModelParameterSchemaV3","schema_type":"Iced"},"name":"col_sample_rate_per_tree","label":"col_sample_rate_per_tree","help":"Column sample rate per tree (from 0.0 to 1.0)","required":false,"type":"double","default_value":1.0,"actual_value":1.0,"input_value":1.0,"level":"secondary","values":[],"is_member_of_frames":[],"is_mutually_exclusive_with":[],"gridable":true},{"__meta":{"schema_version":3,"schema_name":"ModelParameterSchemaV3","schema_type":"Iced"},"name":"min_split_improvement","label":"min_split_improvement","help":"Minimum relative improvement in squared error reduction for a split to happen","required":false,"type":"double","default_value":1.0E-5,"actual_value":1.0E-5,"input_value":1.0E-5,"level":"secondary","values":[],"is_member_of_frames":[],"is_mutually_exclusive_with":[],"gridable":true},{"__meta":{"schema_version":3,"schema_name":"ModelParameterSchemaV3","schema_type":"Iced"},"name":"histogram_type","label":"histogram_type","help":"What type of histogram to use for finding optimal split points","required":false,"type":"enum","default_value":"AUTO","actual_value":"UniformAdaptive","input_value":"AUTO","level":"secondary","values":["AUTO","UniformAdaptive","Random","QuantilesGlobal","RoundRobin"],"is_member_of_frames":[],"is_mutually_exclusive_with":[],"gridable":true},{"__meta":{"schema_version":3,"schema_name":"ModelParameterSchemaV3","schema_type":"Iced"},"name":"categorical_encoding","label":"categorical_encoding","help":"Encoding scheme for categorical features","required":false,"type":"enum","default_value":"AUTO","actual_value":"Enum","input_value":"AUTO","level":"secondary","values":["AUTO","Enum","OneHotInternal","OneHotExplicit","Binary","Eigen","LabelEncoder","SortByResponse","EnumLimited"],"is_member_of_frames":[],"is_mutually_exclusive_with":[],"gridable":true},{"__meta":{"schema_version":3,"schema_name":"ModelParameterSchemaV3","schema_type":"Iced"},"name":"calibrate_model","label":"calibrate_model","help":"Use Platt Scaling to calculate calibrated class probabilities. Calibration can provide more accurate estimates of class probabilities.","required":false,"type":"boolean","default_value":false,"actual_value":false,"input_value":false,"level":"expert","values":[],"is_member_of_frames":[],"is_mutually_exclusive_with":[],"gridable":false},{"__meta":{"schema_version":3,"schema_name":"ModelParameterSchemaV3","schema_type":"Iced"},"name":"calibration_frame","label":"calibration_frame","help":"Calibration frame for Platt Scaling","required":false,"type":"Key<Frame>","default_value":null,"actual_value":null,"input_value":null,"level":"expert","values":[],"is_member_of_frames":[],"is_mutually_exclusive_with":[],"gridable":false},{"__meta":{"schema_version":3,"schema_name":"ModelParameterSchemaV3","schema_type":"Iced"},"name":"distribution","label":"distribution","help":"Distribution function","required":false,"type":"enum","default_value":"AUTO","actual_value":"gaussian","input_value":"gaussian","level":"secondary","values":["AUTO","bernoulli","quasibinomial","ordinal","multinomial","gaussian","poisson","gamma","tweedie","laplace","quantile","huber","custom"],"is_member_of_frames":[],"is_mutually_exclusive_with":[],"gridable":true},{"__meta":{"schema_version":3,"schema_name":"ModelParameterSchemaV3","schema_type":"Iced"},"name":"custom_metric_func","label":"custom_metric_func","help":"Reference to custom evaluation function, format: `language:keyName=funcName`","required":false,"type":"string","default_value":null,"actual_value":null,"input_value":null,"level":"secondary","values":[],"is_member_of_frames":[],"is_mutually_exclusive_with":[],"gridable":false},{"__meta":{"schema_version":3,"schema_name":"ModelParameterSchemaV3","schema_type":"Iced"},"name":"export_checkpoints_dir","label":"export_checkpoints_dir","help":"Automatically export generated models to this directory.","required":false,"type":"string","default_value":null,"actual_value":null,"input_value":null,"level":"secondary","values":[],"is_member_of_frames":[],"is_mutually_exclusive_with":[],"gridable":false},{"__meta":{"schema_version":3,"schema_name":"ModelParameterSchemaV3","schema_type":"Iced"},"name":"check_constant_response","label":"check_constant_response","help":"Check if response column is constant. If enabled, then an exception is thrown if the response column is a constant value.If disabled, then model will train regardless of the response column being a constant value or not.","required":false,"type":"boolean","default_value":true,"actual_value":true,"input_value":true,"level":"expert","values":[],"is_member_of_frames":[],"is_mutually_exclusive_with":[],"gridable":false},{"__meta":{"schema_version":3,"schema_name":"ModelParameterSchemaV3","schema_type":"Iced"},"name":"gainslift_bins","label":"gainslift_bins","help":"Gains/Lift table number of bins. 0 means disabled.. Default value -1 means automatic binning.","required":false,"type":"int","default_value":-1,"actual_value":-1,"input_value":-1,"level":"secondary","values":[],"is_member_of_frames":[],"is_mutually_exclusive_with":[],"gridable":false}],"output":{"__meta":{"schema_version":3,"schema_name":"DRFModelOutputV3","schema_type":"DRFOutput"},"names":["Item_Identifier","Item_Weight","Item_Fat_Content","Item_Visibility","Item_Type","Item_MRP","Outlet_Identifier","Outlet_Establishment_Year","Outlet_Size","Outlet_Location_Type","Outlet_Type","Item_Outlet_Sales"],"original_names":null,"column_types":["Enum","Numeric","Enum","Numeric","Enum","Numeric","Enum","Numeric","Enum","Enum","Enum","Numeric"],"domains":[["DRA12","DRA24","DRA59","DRB01","DRB13","DRB24","DRB25","DRB48","DRC01","DRC12","DRC13","DRC24","DRC25","DRC27","DRC36","DRC49","DRD01","DRD12","DRD13","DRD15","DRD24","DRD25","DRD27","DRD37","DRD49","DRD60","DRE01","DRE03","DRE12","DRE13","DRE15","DRE25","DRE27","DRE37","DRE48","DRE49","DRE60","DRF01","DRF03","DRF13","DRF15","DRF23","DRF25","DRF27","DRF36","DRF37","DRF48","DRF49","DRF51","DRF60","DRG01","DRG03","DRG11","DRG13","DRG15","DRG23","DRG25","DRG27","DRG36","DRG37","DRG39","DRG48","DRG49","DRG51","DRH01","DRH03","DRH11","DRH13","DRH15","DRH23","DRH25","DRH36","DRH37","DRH39","DRH49","DRH51","DRH59","DRI01","DRI03","DRI11","DRI13","DRI23","DRI25","DRI37","DRI39","DRI47","DRI49","DRI51","DRI59","DRJ01","DRJ11","DRJ13","DRJ23","DRJ24","DRJ25","DRJ35","DRJ37","DRJ39","DRJ47","DRJ49","DRJ51","DRJ59","DRK01","DRK11","DRK12","DRK13","DRK23","DRK35","DRK37","DRK39","DRK47","DRK49","DRK59","DRL01","DRL11","DRL23","DRL35","DRL37","DRL47","DRL49","DRL59","DRL60","DRM11","DRM23","DRM35","DRM37","DRM47","DRM48","DRM49","DRM59","DRN11","DRN35","DRN36","DRN37","DRN47","DRN59","DRO35","DRO47","DRO59","DRP35","DRP47","DRQ35","DRY23","DRZ11","DRZ24","FDA01","FDA02","FDA03","FDA04","FDA07","FDA08","FDA09","FDA10","FDA11","FDA13","FDA14","FDA15","FDA16","FDA19","FDA20","FDA21","FDA22","FDA23","FDA25","FDA26","FDA27","FDA28","FDA31","FDA32","FDA33","FDA34","FDA35","FDA36","FDA37","FDA38","FDA39","FDA40","FDA43","FDA44","FDA45","FDA46","FDA47","FDA48","FDA49","FDA50","FDA51","FDA52","FDA55","FDA56","FDA57","FDA58","FDB02","FDB03","FDB04","FDB05","FDB08","FDB09","FDB10","FDB11","FDB12","FDB14","FDB15","FDB16","FDB17","FDB20","FDB21","FDB22","FDB23","FDB26","FDB27","FDB28","FDB29","FDB32","FDB33","FDB34","FDB35","FDB36","FDB37","FDB38","FDB39","FDB40","FDB41","FDB44","FDB45","FDB46","FDB47","FDB49","FDB50","FDB51","FDB52","FDB53","FDB56","FDB57","FDB58","FDB59","FDB60","FDC02","FDC03","FDC04","FDC05","FDC08","FDC09","FDC10","FDC11","FDC14","FDC15","FDC16","FDC17","FDC20","FDC21","FDC22","FDC23","FDC26","FDC28","FDC29","FDC32","FDC33","FDC34","FDC35","FDC37","FDC38","FDC39","FDC40","FDC41","FDC44","FDC45","FDC46","FDC47","FDC48","FDC50","FDC51","FDC52","FDC53","FDC56","FDC57","FDC58","FDC59","FDC60","FDD02","FDD03","FDD04","FDD05","FDD08","FDD09","FDD10","FDD11","FDD14","FDD16","FDD17","FDD20","FDD21","FDD22","FDD23","FDD26","FDD28","FDD29","FDD32","FDD33","FDD34","FDD35","FDD36","FDD38","FDD39","FDD40","FDD41","FDD44","FDD45","FDD46","FDD47","FDD48","FDD50","FDD51","FDD52","FDD53","FDD56","FDD57","FDD58","FDD59","FDE02","FDE04","FDE05","FDE08","FDE09","FDE10","FDE11","FDE14","FDE16","FDE17","FDE20","FDE21","FDE22","FDE23","FDE24","FDE26","FDE28","FDE29","FDE32","FDE33","FDE34","FDE35","FDE36","FDE38","FDE39","FDE40","FDE41","FDE44","FDE45","FDE46","FDE47","FDE50","FDE51","FDE52","FDE53","FDE56","FDE57","FDE58","FDE59","FDF02","FDF04","FDF05","FDF08","FDF09","FDF10","FDF11","FDF12","FDF14","FDF16","FDF17","FDF20","FDF21","FDF22","FDF24","FDF26","FDF28","FDF29","FDF32","FDF33","FDF34","FDF35","FDF38","FDF39","FDF40","FDF41","FDF44","FDF45","FDF46","FDF47","FDF50","FDF52","FDF53","FDF56","FDF57","FDF58","FDF59","FDG02","FDG04","FDG05","FDG08","FDG09","FDG10","FDG12","FDG14","FDG16","FDG17","FDG20","FDG21","FDG22","FDG24","FDG26","FDG28","FDG29","FDG31","FDG32","FDG33","FDG34","FDG35","FDG38","FDG40","FDG41","FDG44","FDG45","FDG46","FDG47","FDG50","FDG52","FDG53","FDG56","FDG57","FDG58","FDG59","FDG60","FDH02","FDH04","FDH05","FDH08","FDH09","FDH10","FDH12","FDH14","FDH16","FDH17","FDH19","FDH20","FDH21","FDH22","FDH24","FDH26","FDH27","FDH28","FDH31","FDH32","FDH33","FDH34","FDH35","FDH38","FDH40","FDH41","FDH44","FDH45","FDH46","FDH47","FDH48","FDH50","FDH52","FDH53","FDH56","FDH57","FDH58","FDH60","FDI02","FDI04","FDI05","FDI07","FDI08","FDI09","FDI10","FDI12","FDI14","FDI15","FDI16","FDI19","FDI20","FDI21","FDI22","FDI24","FDI26","FDI27","FDI28","FDI32","FDI33","FDI34","FDI35","FDI36","FDI38","FDI40","FDI41","FDI44","FDI45","FDI46","FDI48","FDI50","FDI52","FDI53","FDI56","FDI57","FDI58","FDI60","FDJ02","FDJ03","FDJ04","FDJ07","FDJ08","FDJ09","FDJ10","FDJ12","FDJ14","FDJ15","FDJ16","FDJ20","FDJ21","FDJ22","FDJ26","FDJ27","FDJ28","FDJ32","FDJ33","FDJ34","FDJ36","FDJ38","FDJ40","FDJ41","FDJ44","FDJ45","FDJ46","FDJ48","FDJ50","FDJ52","FDJ53","FDJ55","FDJ56","FDJ57","FDJ58","FDJ60","FDK02","FDK03","FDK04","FDK08","FDK09","FDK10","FDK14","FDK15","FDK16","FDK20","FDK21","FDK22","FDK24","FDK25","FDK26","FDK27","FDK28","FDK32","FDK33","FDK34","FDK36","FDK38","FDK40","FDK41","FDK43","FDK44","FDK45","FDK46","FDK48","FDK50","FDK51","FDK52","FDK55","FDK56","FDK57","FDK58","FDK60","FDL02","FDL03","FDL04","FDL08","FDL09","FDL10","FDL12","FDL13","FDL14","FDL15","FDL16","FDL20","FDL21","FDL22","FDL24","FDL25","FDL26","FDL27","FDL28","FDL32","FDL33","FDL34","FDL36","FDL38","FDL39","FDL40","FDL43","FDL44","FDL45","FDL46","FDL48","FDL50","FDL51","FDL52","FDL56","FDL57","FDL58","FDM01","FDM02","FDM03","FDM04","FDM08","FDM09","FDM10","FDM12","FDM13","FDM14","FDM15","FDM16","FDM20","FDM21","FDM22","FDM24","FDM25","FDM27","FDM28","FDM32","FDM33","FDM34","FDM36","FDM38","FDM39","FDM40","FDM44","FDM45","FDM46","FDM50","FDM51","FDM52","FDM56","FDM57","FDM58","FDM60","FDN01","FDN02","FDN03","FDN04","FDN08","FDN09","FDN10","FDN12","FDN13","FDN15","FDN16","FDN20","FDN21","FDN22","FDN23","FDN24","FDN25","FDN27","FDN28","FDN31","FDN32","FDN33","FDN34","FDN38","FDN39","FDN40","FDN44","FDN45","FDN46","FDN48","FDN49","FDN50","FDN51","FDN52","FDN56","FDN57","FDN58","FDN60","FDO01","FDO03","FDO04","FDO08","FDO09","FDO10","FDO11","FDO12","FDO13","FDO15","FDO16","FDO19","FDO20","FDO21","FDO22","FDO23","FDO24","FDO25","FDO27","FDO28","FDO31","FDO32","FDO33","FDO34","FDO36","FDO37","FDO38","FDO39","FDO40","FDO44","FDO45","FDO46","FDO48","FDO49","FDO50","FDO51","FDO52","FDO56","FDO57","FDO58","FDO60","FDP01","FDP03","FDP04","FDP07","FDP08","FDP09","FDP10","FDP11","FDP12","FDP13","FDP15","FDP16","FDP19","FDP20","FDP21","FDP22","FDP23","FDP24","FDP25","FDP26","FDP27","FDP28","FDP31","FDP32","FDP33","FDP34","FDP36","FDP37","FDP38","FDP39","FDP40","FDP44","FDP45","FDP46","FDP48","FDP49","FDP51","FDP52","FDP56","FDP57","FDP58","FDP59","FDP60","FDQ01","FDQ03","FDQ04","FDQ07","FDQ08","FDQ09","FDQ10","FDQ11","FDQ12","FDQ13","FDQ14","FDQ15","FDQ16","FDQ19","FDQ20","FDQ21","FDQ22","FDQ23","FDQ24","FDQ25","FDQ26","FDQ27","FDQ28","FDQ31","FDQ32","FDQ33","FDQ34","FDQ36","FDQ37","FDQ39","FDQ40","FDQ44","FDQ45","FDQ46","FDQ47","FDQ48","FDQ49","FDQ51","FDQ52","FDQ55","FDQ56","FDQ57","FDQ58","FDQ59","FDQ60","FDR01","FDR02","FDR03","FDR04","FDR07","FDR08","FDR09","FDR10","FDR11","FDR12","FDR13","FDR14","FDR15","FDR16","FDR19","FDR20","FDR21","FDR22","FDR23","FDR24","FDR25","FDR26","FDR27","FDR28","FDR31","FDR32","FDR33","FDR34","FDR35","FDR36","FDR37","FDR39","FDR40","FDR43","FDR44","FDR45","FDR46","FDR47","FDR48","FDR49","FDR51","FDR52","FDR55","FDR56","FDR57","FDR58","FDR59","FDR60","FDS01","FDS02","FDS03","FDS04","FDS07","FDS08","FDS09","FDS10","FDS11","FDS12","FDS13","FDS14","FDS15","FDS16","FDS19","FDS20","FDS21","FDS22","FDS23","FDS24","FDS25","FDS26","FDS27","FDS28","FDS31","FDS32","FDS33","FDS34","FDS35","FDS36","FDS37","FDS39","FDS40","FDS43","FDS44","FDS45","FDS46","FDS47","FDS48","FDS49","FDS50","FDS51","FDS52","FDS55","FDS56","FDS57","FDS58","FDS59","FDS60","FDT01","FDT02","FDT03","FDT04","FDT07","FDT08","FDT09","FDT10","FDT11","FDT12","FDT13","FDT14","FDT15","FDT16","FDT19","FDT20","FDT21","FDT22","FDT23","FDT24","FDT25","FDT26","FDT27","FDT28","FDT31","FDT32","FDT33","FDT34","FDT35","FDT36","FDT37","FDT38","FDT39","FDT40","FDT43","FDT44","FDT45","FDT46","FDT47","FDT48","FDT49","FDT50","FDT51","FDT52","FDT55","FDT56","FDT57","FDT58","FDT59","FDT60","FDU01","FDU02","FDU03","FDU04","FDU07","FDU08","FDU09","FDU10","FDU11","FDU12","FDU13","FDU14","FDU15","FDU16","FDU19","FDU20","FDU21","FDU22","FDU23","FDU24","FDU25","FDU26","FDU27","FDU28","FDU31","FDU32","FDU33","FDU34","FDU35","FDU36","FDU37","FDU38","FDU39","FDU40","FDU43","FDU44","FDU45","FDU46","FDU47","FDU48","FDU49","FDU50","FDU51","FDU52","FDU55","FDU56","FDU57","FDU58","FDU59","FDU60","FDV01","FDV02","FDV03","FDV04","FDV07","FDV08","FDV09","FDV10","FDV11","FDV12","FDV13","FDV14","FDV15","FDV16","FDV19","FDV20","FDV21","FDV22","FDV23","FDV24","FDV25","FDV26","FDV27","FDV28","FDV31","FDV32","FDV33","FDV34","FDV35","FDV36","FDV37","FDV38","FDV39","FDV40","FDV43","FDV44","FDV45","FDV46","FDV47","FDV48","FDV49","FDV50","FDV51","FDV52","FDV55","FDV56","FDV57","FDV58","FDV59","FDV60","FDW01","FDW02","FDW03","FDW04","FDW07","FDW08","FDW09","FDW10","FDW11","FDW12","FDW13","FDW14","FDW15","FDW16","FDW19","FDW20","FDW21","FDW22","FDW23","FDW24","FDW25","FDW26","FDW27","FDW28","FDW31","FDW32","FDW33","FDW34","FDW35","FDW36","FDW37","FDW38","FDW39","FDW40","FDW43","FDW44","FDW45","FDW46","FDW47","FDW48","FDW49","FDW50","FDW51","FDW52","FDW55","FDW56","FDW57","FDW58","FDW59","FDW60","FDX01","FDX02","FDX03","FDX04","FDX07","FDX08","FDX09","FDX10","FDX11","FDX12","FDX13","FDX14","FDX15","FDX16","FDX19","FDX20","FDX21","FDX22","FDX23","FDX24","FDX25","FDX26","FDX27","FDX28","FDX31","FDX32","FDX33","FDX34","FDX35","FDX36","FDX37","FDX38","FDX39","FDX40","FDX43","FDX44","FDX45","FDX46","FDX47","FDX48","FDX49","FDX50","FDX51","FDX52","FDX55","FDX56","FDX57","FDX58","FDX59","FDX60","FDY01","FDY02","FDY03","FDY04","FDY07","FDY08","FDY09","FDY10","FDY11","FDY12","FDY13","FDY14","FDY15","FDY16","FDY19","FDY20","FDY21","FDY22","FDY24","FDY25","FDY26","FDY27","FDY28","FDY31","FDY32","FDY33","FDY34","FDY35","FDY36","FDY37","FDY38","FDY39","FDY40","FDY43","FDY44","FDY45","FDY46","FDY47","FDY48","FDY49","FDY50","FDY51","FDY52","FDY55","FDY56","FDY57","FDY58","FDY59","FDY60","FDZ01","FDZ02","FDZ03","FDZ04","FDZ07","FDZ08","FDZ09","FDZ10","FDZ12","FDZ13","FDZ14","FDZ15","FDZ16","FDZ19","FDZ20","FDZ21","FDZ22","FDZ23","FDZ25","FDZ26","FDZ27","FDZ28","FDZ31","FDZ32","FDZ33","FDZ34","FDZ35","FDZ36","FDZ37","FDZ38","FDZ39","FDZ40","FDZ43","FDZ44","FDZ45","FDZ46","FDZ47","FDZ48","FDZ49","FDZ50","FDZ51","FDZ52","FDZ55","FDZ56","FDZ57","FDZ58","FDZ59","FDZ60","NCA05","NCA06","NCA17","NCA18","NCA29","NCA30","NCA41","NCA42","NCA53","NCA54","NCB06","NCB07","NCB18","NCB19","NCB30","NCB31","NCB42","NCB43","NCB54","NCB55","NCC06","NCC07","NCC18","NCC19","NCC30","NCC31","NCC42","NCC43","NCC54","NCC55","NCD06","NCD07","NCD18","NCD19","NCD30","NCD31","NCD42","NCD43","NCD54","NCD55","NCE06","NCE07","NCE18","NCE19","NCE30","NCE31","NCE42","NCE43","NCE54","NCE55","NCF06","NCF07","NCF18","NCF19","NCF30","NCF31","NCF42","NCF43","NCF54","NCF55","NCG06","NCG07","NCG18","NCG19","NCG30","NCG42","NCG43","NCG54","NCG55","NCH06","NCH07","NCH18","NCH29","NCH30","NCH42","NCH43","NCH54","NCH55","NCI06","NCI17","NCI18","NCI29","NCI30","NCI31","NCI42","NCI43","NCI54","NCI55","NCJ05","NCJ06","NCJ17","NCJ18","NCJ19","NCJ29","NCJ30","NCJ31","NCJ42","NCJ43","NCJ54","NCK05","NCK06","NCK07","NCK17","NCK18","NCK19","NCK29","NCK30","NCK31","NCK42","NCK53","NCK54","NCL05","NCL06","NCL07","NCL17","NCL18","NCL19","NCL29","NCL30","NCL31","NCL41","NCL42","NCL53","NCL54","NCL55","NCM05","NCM06","NCM07","NCM17","NCM18","NCM19","NCM26","NCM29","NCM30","NCM31","NCM41","NCM42","NCM43","NCM53","NCM54","NCM55","NCN05","NCN06","NCN07","NCN14","NCN17","NCN18","NCN19","NCN26","NCN29","NCN30","NCN41","NCN42","NCN43","NCN53","NCN54","NCN55","NCO02","NCO05","NCO06","NCO07","NCO14","NCO17","NCO18","NCO26","NCO29","NCO30","NCO41","NCO42","NCO43","NCO53","NCO54","NCO55","NCP02","NCP05","NCP06","NCP14","NCP17","NCP18","NCP29","NCP30","NCP41","NCP42","NCP43","NCP50","NCP53","NCP54","NCP55","NCQ02","NCQ05","NCQ06","NCQ17","NCQ18","NCQ29","NCQ30","NCQ38","NCQ41","NCQ42","NCQ43","NCQ50","NCQ53","NCQ54","NCR05","NCR06","NCR17","NCR18","NCR29","NCR30","NCR38","NCR41","NCR42","NCR50","NCR53","NCR54","NCS05","NCS06","NCS17","NCS18","NCS29","NCS30","NCS38","NCS41","NCS42","NCS53","NCS54","NCT05","NCT06","NCT17","NCT18","NCT29","NCT30","NCT41","NCT42","NCT53","NCT54","NCU05","NCU06","NCU17","NCU18","NCU29","NCU30","NCU41","NCU42","NCU53","NCU54","NCV05","NCV06","NCV17","NCV18","NCV29","NCV30","NCV41","NCV42","NCV53","NCV54","NCW05","NCW06","NCW17","NCW18","NCW29","NCW30","NCW41","NCW42","NCW53","NCW54","NCX05","NCX06","NCX17","NCX18","NCX29","NCX30","NCX41","NCX42","NCX53","NCX54","NCY05","NCY06","NCY17","NCY18","NCY29","NCY30","NCY41","NCY42","NCY53","NCY54","NCZ05","NCZ06","NCZ17","NCZ18","NCZ29","NCZ30","NCZ41","NCZ42","NCZ53","NCZ54"],null,["LF","Low Fat","Regular","low fat","reg"],null,["Baking Goods","Breads","Breakfast","Canned","Dairy","Frozen Foods","Fruits and Vegetables","Hard Drinks","Health and Hygiene","Household","Meat","Others","Seafood","Snack Foods","Soft Drinks","Starchy Foods"],null,["OUT010","OUT013","OUT017","OUT018","OUT019","OUT027","OUT035","OUT045","OUT046","OUT049"],null,["High","Medium","Small","nan"],["Tier 1","Tier 2","Tier 3"],["Grocery Store","Supermarket Type1","Supermarket Type2","Supermarket Type3"],null],"cross_validation_models":null,"cross_validation_predictions":[{"__meta":{"schema_version":3,"schema_name":"FrameKeyV3","schema_type":"Key<Frame>"},"name":"prediction_DRF_1_AutoML_20210221_132104_cv_1","type":"Key<Frame>","URL":"/3/Frames/prediction_DRF_1_AutoML_20210221_132104_cv_1"},{"__meta":{"schema_version":3,"schema_name":"FrameKeyV3","schema_type":"Key<Frame>"},"name":"prediction_DRF_1_AutoML_20210221_132104_cv_2","type":"Key<Frame>","URL":"/3/Frames/prediction_DRF_1_AutoML_20210221_132104_cv_2"},{"__meta":{"schema_version":3,"schema_name":"FrameKeyV3","schema_type":"Key<Frame>"},"name":"prediction_DRF_1_AutoML_20210221_132104_cv_3","type":"Key<Frame>","URL":"/3/Frames/prediction_DRF_1_AutoML_20210221_132104_cv_3"},{"__meta":{"schema_version":3,"schema_name":"FrameKeyV3","schema_type":"Key<Frame>"},"name":"prediction_DRF_1_AutoML_20210221_132104_cv_4","type":"Key<Frame>","URL":"/3/Frames/prediction_DRF_1_AutoML_20210221_132104_cv_4"},{"__meta":{"schema_version":3,"schema_name":"FrameKeyV3","schema_type":"Key<Frame>"},"name":"prediction_DRF_1_AutoML_20210221_132104_cv_5","type":"Key<Frame>","URL":"/3/Frames/prediction_DRF_1_AutoML_20210221_132104_cv_5"}],"cross_validation_holdout_predictions_frame_id":{"__meta":{"schema_version":3,"schema_name":"FrameKeyV3","schema_type":"Key<Frame>"},"name":"cv_holdout_prediction_DRF_1_AutoML_20210221_132104","type":"Key<Frame>","URL":"/3/Frames/cv_holdout_prediction_DRF_1_AutoML_20210221_132104"},"cross_validation_fold_assignment_frame_id":null,"model_category":"Regression","model_summary":{"__meta":{"schema_version":3,"schema_name":"TwoDimTableV3","schema_type":"TwoDimTable"},"name":"Model Summary","description":"","columns":[{"__meta":{"schema_version":-1,"schema_name":"ColumnSpecsBase","schema_type":"Iced"},"name":"","type":"string","format":"%s","description":""},{"__meta":{"schema_version":-1,"schema_name":"ColumnSpecsBase","schema_type":"Iced"},"name":"number_of_trees","type":"long","format":"%d","description":"Number of Trees"},{"__meta":{"schema_version":-1,"schema_name":"ColumnSpecsBase","schema_type":"Iced"},"name":"number_of_internal_trees","type":"long","format":"%d","description":"Number of Internal Trees"},{"__meta":{"schema_version":-1,"schema_name":"ColumnSpecsBase","schema_type":"Iced"},"name":"model_size_in_bytes","type":"long","format":"%d","description":"Model Size in Bytes"},{"__meta":{"schema_version":-1,"schema_name":"ColumnSpecsBase","schema_type":"Iced"},"name":"min_depth","type":"long","format":"%d","description":"Min. Depth"},{"__meta":{"schema_version":-1,"schema_name":"ColumnSpecsBase","schema_type":"Iced"},"name":"max_depth","type":"long","format":"%d","description":"Max. Depth"},{"__meta":{"schema_version":-1,"schema_name":"ColumnSpecsBase","schema_type":"Iced"},"name":"mean_depth","type":"double","format":"%.5f","description":"Mean Depth"},{"__meta":{"schema_version":-1,"schema_name":"ColumnSpecsBase","schema_type":"Iced"},"name":"min_leaves","type":"long","format":"%d","description":"Min. Leaves"},{"__meta":{"schema_version":-1,"schema_name":"ColumnSpecsBase","schema_type":"Iced"},"name":"max_leaves","type":"long","format":"%d","description":"Max. Leaves"},{"__meta":{"schema_version":-1,"schema_name":"ColumnSpecsBase","schema_type":"Iced"},"name":"mean_leaves","type":"double","format":"%.5f","description":"Mean Leaves"}],"rowcount":1,"data":[[""],[46],[46],[4719944],[20],[20],[20.0],[3415],[4807],[4192.7173]]},"scoring_history":{"__meta":{"schema_version":3,"schema_name":"TwoDimTableV3","schema_type":"TwoDimTable"},"name":"Scoring History","description":"","columns":[{"__meta":{"schema_version":-1,"schema_name":"ColumnSpecsBase","schema_type":"Iced"},"name":"","type":"string","format":"%s","description":""},{"__meta":{"schema_version":-1,"schema_name":"ColumnSpecsBase","schema_type":"Iced"},"name":"timestamp","type":"string","format":"%s","description":"Timestamp"},{"__meta":{"schema_version":-1,"schema_name":"ColumnSpecsBase","schema_type":"Iced"},"name":"duration","type":"string","format":"%s","description":"Duration"},{"__meta":{"schema_version":-1,"schema_name":"ColumnSpecsBase","schema_type":"Iced"},"name":"number_of_trees","type":"long","format":"%d","description":"Number of Trees"},{"__meta":{"schema_version":-1,"schema_name":"ColumnSpecsBase","schema_type":"Iced"},"name":"training_rmse","type":"double","format":"%.5f","description":"Training RMSE"},{"__meta":{"schema_version":-1,"schema_name":"ColumnSpecsBase","schema_type":"Iced"},"name":"training_mae","type":"double","format":"%.5f","description":"Training MAE"},{"__meta":{"schema_version":-1,"schema_name":"ColumnSpecsBase","schema_type":"Iced"},"name":"training_deviance","type":"double","format":"%.5f","description":"Training Deviance"}],"rowcount":11,"data":[["","","","","","","","","","",""],["2021-02-21 13:21:31","2021-02-21 13:21:34","2021-02-21 13:21:34","2021-02-21 13:21:35","2021-02-21 13:21:35","2021-02-21 13:21:36","2021-02-21 13:21:36","2021-02-21 13:21:37","2021-02-21 13:21:37","2021-02-21 13:21:38","2021-02-21 13:21:38"],["24.455 sec","26.733 sec","27.384 sec","27.824 sec","28.280 sec","28.766 sec","29.204 sec","29.728 sec","30.229 sec","30.721 sec","30.807 sec"],[0,5,10,15,20,25,30,35,40,45,46],["NaN",1372.9934052258282,1255.578014121296,1197.3011716181572,1172.4145670091661,1155.2174041982205,1142.7504100764713,1137.0651232650307,1133.0023201989093,1132.2700713151553,1130.7099684161692],["NaN",951.2675452490668,876.8472927421685,837.9971976077659,820.8484867281024,806.8246350514405,798.2239918245497,794.1143739539231,790.8946576482562,790.5147280593881,789.3345225355649],["NaN",1885110.890793615,1576476.1495447776,1433530.095558212,1374555.9169352907,1334527.2509624746,1305878.4997299435,1292917.0945457194,1283694.257576112,1282035.5143960267,1278505.0326756942]]},"reproducibility_information_table":[{"__meta":{"schema_version":3,"schema_name":"TwoDimTableV3","schema_type":"TwoDimTable"},"name":"Node Information","description":"","columns":[{"__meta":{"schema_version":-1,"schema_name":"ColumnSpecsBase","schema_type":"Iced"},"name":"","type":"string","format":"%s","description":""},{"__meta":{"schema_version":-1,"schema_name":"ColumnSpecsBase","schema_type":"Iced"},"name":"node","type":"int","format":"%d","description":"node"},{"__meta":{"schema_version":-1,"schema_name":"ColumnSpecsBase","schema_type":"Iced"},"name":"h2o","type":"string","format":"%s","description":"h2o"},{"__meta":{"schema_version":-1,"schema_name":"ColumnSpecsBase","schema_type":"Iced"},"name":"healthy","type":"string","format":"%s","description":"healthy"},{"__meta":{"schema_version":-1,"schema_name":"ColumnSpecsBase","schema_type":"Iced"},"name":"last_ping","type":"string","format":"%s","description":"last_ping"},{"__meta":{"schema_version":-1,"schema_name":"ColumnSpecsBase","schema_type":"Iced"},"name":"num_cpus","type":"int","format":"%d","description":"num_cpus"},{"__meta":{"schema_version":-1,"schema_name":"ColumnSpecsBase","schema_type":"Iced"},"name":"sys_load","type":"double","format":"%.5f","description":"sys_load"},{"__meta":{"schema_version":-1,"schema_name":"ColumnSpecsBase","schema_type":"Iced"},"name":"mem_value_size","type":"long","format":"%d","description":"mem_value_size"},{"__meta":{"schema_version":-1,"schema_name":"ColumnSpecsBase","schema_type":"Iced"},"name":"free_mem","type":"long","format":"%d","description":"free_mem"},{"__meta":{"schema_version":-1,"schema_name":"ColumnSpecsBase","schema_type":"Iced"},"name":"pojo_mem","type":"long","format":"%d","description":"pojo_mem"},{"__meta":{"schema_version":-1,"schema_name":"ColumnSpecsBase","schema_type":"Iced"},"name":"swap_mem","type":"long","format":"%d","description":"swap_mem"},{"__meta":{"schema_version":-1,"schema_name":"ColumnSpecsBase","schema_type":"Iced"},"name":"free_disc","type":"long","format":"%d","description":"free_disc"},{"__meta":{"schema_version":-1,"schema_name":"ColumnSpecsBase","schema_type":"Iced"},"name":"max_disc","type":"long","format":"%d","description":"max_disc"},{"__meta":{"schema_version":-1,"schema_name":"ColumnSpecsBase","schema_type":"Iced"},"name":"pid","type":"int","format":"%d","description":"pid"},{"__meta":{"schema_version":-1,"schema_name":"ColumnSpecsBase","schema_type":"Iced"},"name":"num_keys","type":"int","format":"%d","description":"num_keys"},{"__meta":{"schema_version":-1,"schema_name":"ColumnSpecsBase","schema_type":"Iced"},"name":"tcps_active","type":"string","format":"%s","description":"tcps_active"},{"__meta":{"schema_version":-1,"schema_name":"ColumnSpecsBase","schema_type":"Iced"},"name":"open_fds","type":"int","format":"%d","description":"open_fds"},{"__meta":{"schema_version":-1,"schema_name":"ColumnSpecsBase","schema_type":"Iced"},"name":"rpcs_active","type":"string","format":"%s","description":"rpcs_active"},{"__meta":{"schema_version":-1,"schema_name":"ColumnSpecsBase","schema_type":"Iced"},"name":"nthreads","type":"int","format":"%d","description":"nthreads"},{"__meta":{"schema_version":-1,"schema_name":"ColumnSpecsBase","schema_type":"Iced"},"name":"is_leader","type":"string","format":"%s","description":"is_leader"},{"__meta":{"schema_version":-1,"schema_name":"ColumnSpecsBase","schema_type":"Iced"},"name":"total_mem","type":"long","format":"%d","description":"total_mem"},{"__meta":{"schema_version":-1,"schema_name":"ColumnSpecsBase","schema_type":"Iced"},"name":"max_mem","type":"long","format":"%d","description":"max_mem"},{"__meta":{"schema_version":-1,"schema_name":"ColumnSpecsBase","schema_type":"Iced"},"name":"java_version","type":"string","format":"%s","description":"java_version"},{"__meta":{"schema_version":-1,"schema_name":"ColumnSpecsBase","schema_type":"Iced"},"name":"jvm_launch_parameters","type":"string","format":"%s","description":"jvm_launch_parameters"},{"__meta":{"schema_version":-1,"schema_name":"ColumnSpecsBase","schema_type":"Iced"},"name":"os_version","type":"string","format":"%s","description":"os_version"},{"__meta":{"schema_version":-1,"schema_name":"ColumnSpecsBase","schema_type":"Iced"},"name":"machine_physical_mem","type":"long","format":"%d","description":"machine_physical_mem"},{"__meta":{"schema_version":-1,"schema_name":"ColumnSpecsBase","schema_type":"Iced"},"name":"machine_locale","type":"string","format":"%s","description":"machine_locale"}],"rowcount":1,"data":[[""],[0],["127.0.0.1:54321"],["true"],["1613893888805"],[4],[0.34590957],[99414732],[10796763427],[557417489],[0],[199636287488],[321239646208],[304],[1334],["\u0000"],[-1],["\u0000"],[4],["true"],[2706374656],[11453595648],["Java 1.8.0_271 (from Oracle Corporation)"],["[-ea, -Xmx12G]"],["Windows 10 10.0 (amd64)"],[8458571776],["en_IN"]]},{"__meta":{"schema_version":3,"schema_name":"TwoDimTableV3","schema_type":"TwoDimTable"},"name":"Cluster Configuration","description":"","columns":[{"__meta":{"schema_version":-1,"schema_name":"ColumnSpecsBase","schema_type":"Iced"},"name":"","type":"string","format":"%s","description":""},{"__meta":{"schema_version":-1,"schema_name":"ColumnSpecsBase","schema_type":"Iced"},"name":"h2o_cluster_uptime","type":"long","format":"%d","description":"H2O cluster uptime"},{"__meta":{"schema_version":-1,"schema_name":"ColumnSpecsBase","schema_type":"Iced"},"name":"h2o_cluster_timezone","type":"string","format":"%s","description":"H2O cluster timezone"},{"__meta":{"schema_version":-1,"schema_name":"ColumnSpecsBase","schema_type":"Iced"},"name":"h2o_data_parsing_timezone","type":"string","format":"%s","description":"H2O data parsing timezone"},{"__meta":{"schema_version":-1,"schema_name":"ColumnSpecsBase","schema_type":"Iced"},"name":"h2o_cluster_version","type":"string","format":"%s","description":"H2O cluster version"},{"__meta":{"schema_version":-1,"schema_name":"ColumnSpecsBase","schema_type":"Iced"},"name":"h2o_cluster_version_age","type":"string","format":"%s","description":"H2O cluster version age"},{"__meta":{"schema_version":-1,"schema_name":"ColumnSpecsBase","schema_type":"Iced"},"name":"h2o_cluster_name","type":"string","format":"%s","description":"H2O cluster name"},{"__meta":{"schema_version":-1,"schema_name":"ColumnSpecsBase","schema_type":"Iced"},"name":"h2o_cluster_total_nodes","type":"int","format":"%d","description":"H2O cluster total nodes"},{"__meta":{"schema_version":-1,"schema_name":"ColumnSpecsBase","schema_type":"Iced"},"name":"h2o_cluster_free_memory","type":"long","format":"%d","description":"H2O cluster free memory"},{"__meta":{"schema_version":-1,"schema_name":"ColumnSpecsBase","schema_type":"Iced"},"name":"h2o_cluster_total_cores","type":"int","format":"%d","description":"H2O cluster total cores"},{"__meta":{"schema_version":-1,"schema_name":"ColumnSpecsBase","schema_type":"Iced"},"name":"h2o_cluster_allowed_cores","type":"int","format":"%d","description":"H2O cluster allowed cores"},{"__meta":{"schema_version":-1,"schema_name":"ColumnSpecsBase","schema_type":"Iced"},"name":"h2o_cluster_status","type":"string","format":"%s","description":"H2O cluster status"},{"__meta":{"schema_version":-1,"schema_name":"ColumnSpecsBase","schema_type":"Iced"},"name":"h2o_internal_security","type":"string","format":"%s","description":"H2O internal security"},{"__meta":{"schema_version":-1,"schema_name":"ColumnSpecsBase","schema_type":"Iced"},"name":"h2o_api_extensions","type":"string","format":"%s","description":"H2O API Extensions"}],"rowcount":1,"data":[[""],[659462],["Asia/Kolkata"],["UTC"],["3.32.0.2"],["3 months and 3 days"],["H2O_from_python_KSK_pnbw4l"],[1],[10796763427],[4],[4],["locked, healthly"],["false"],["Amazon S3, Algos, AutoML, Core V3, TargetEncoder, Core V4"]]},{"__meta":{"schema_version":3,"schema_name":"TwoDimTableV3","schema_type":"TwoDimTable"},"name":"Input Frames Information","description":"","columns":[{"__meta":{"schema_version":-1,"schema_name":"ColumnSpecsBase","schema_type":"Iced"},"name":"","type":"string","format":"%s","description":""},{"__meta":{"schema_version":-1,"schema_name":"ColumnSpecsBase","schema_type":"Iced"},"name":"input_frame","type":"string","format":"%s","description":"Input Frame"},{"__meta":{"schema_version":-1,"schema_name":"ColumnSpecsBase","schema_type":"Iced"},"name":"checksum","type":"long","format":"%d","description":"Checksum"},{"__meta":{"schema_version":-1,"schema_name":"ColumnSpecsBase","schema_type":"Iced"},"name":"espc","type":"string","format":"%d","description":"ESPC"}],"rowcount":3,"data":[["","",""],["training_frame","validation_frame","calibration_frame"],[8754114513610086515,-1,-1],["[0, 2131, 4262, 6393, 8523]","-1","-1"]]}],"training_metrics":{"__meta":{"schema_version":3,"schema_name":"ModelMetricsRegressionV3","schema_type":"ModelMetricsRegression"},"model":{"__meta":{"schema_version":3,"schema_name":"ModelKeyV3","schema_type":"Key<Model>"},"name":"DRF_1_AutoML_20210221_132104","type":"Key<Model>","URL":"/3/Models/DRF_1_AutoML_20210221_132104"},"model_checksum":-2104302822431363084,"frame":{"__meta":{"schema_version":3,"schema_name":"FrameKeyV3","schema_type":"Key<Frame>"},"name":"automl_training_Key_Frame__upload_aaaea0010a00d12ebdd93b8dc9da4907.hex","type":"Key<Frame>","URL":"/3/Frames/automl_training_Key_Frame__upload_aaaea0010a00d12ebdd93b8dc9da4907.hex"},"frame_checksum":8754114513610086515,"description":"Metrics reported on Out-Of-Bag training samples","model_category":"Regression","scoring_time":1613893898225,"predictions":null,"MSE":1278505.0326756942,"RMSE":1130.7099684161692,"nobs":8523,"custom_metric_name":null,"custom_metric_value":0.0,"r2":0.5609226738637055,"mean_residual_deviance":1278505.0326756942,"mae":789.3345225355649,"rmsle":0.5519961084588474},"validation_metrics":null,"cross_validation_metrics":{"__meta":{"schema_version":3,"schema_name":"ModelMetricsRegressionV3","schema_type":"ModelMetricsRegression"},"model":{"__meta":{"schema_version":3,"schema_name":"ModelKeyV3","schema_type":"Key<Model>"},"name":"DRF_1_AutoML_20210221_132104","type":"Key<Model>","URL":"/3/Models/DRF_1_AutoML_20210221_132104"},"model_checksum":-2104302822431363084,"frame":{"__meta":{"schema_version":3,"schema_name":"FrameKeyV3","schema_type":"Key<Frame>"},"name":"automl_training_Key_Frame__upload_aaaea0010a00d12ebdd93b8dc9da4907.hex","type":"Key<Frame>","URL":"/3/Frames/automl_training_Key_Frame__upload_aaaea0010a00d12ebdd93b8dc9da4907.hex"},"frame_checksum":8754114513610086515,"description":"5-fold cross-validation on training data (Metrics computed for combined holdout predictions)","model_category":"Regression","scoring_time":1613893898233,"predictions":null,"MSE":1241063.3914906452,"RMSE":1114.0302471165876,"nobs":8523,"custom_metric_name":null,"custom_metric_value":0.0,"r2":0.5737812667339115,"mean_residual_deviance":1241063.3914906452,"mae":777.6758815186237,"rmsle":0.5469141499499274},"cross_validation_metrics_summary":{"__meta":{"schema_version":3,"schema_name":"TwoDimTableV3","schema_type":"TwoDimTable"},"name":"Cross-Validation Metrics Summary","description":"","columns":[{"__meta":{"schema_version":-1,"schema_name":"ColumnSpecsBase","schema_type":"Iced"},"name":"","type":"string","format":"%s","description":""},{"__meta":{"schema_version":-1,"schema_name":"ColumnSpecsBase","schema_type":"Iced"},"name":"mean","type":"string","format":"%s","description":"mean"},{"__meta":{"schema_version":-1,"schema_name":"ColumnSpecsBase","schema_type":"Iced"},"name":"sd","type":"string","format":"%s","description":"sd"},{"__meta":{"schema_version":-1,"schema_name":"ColumnSpecsBase","schema_type":"Iced"},"name":"cv_1_valid","type":"string","format":"%s","description":"cv_1_valid"},{"__meta":{"schema_version":-1,"schema_name":"ColumnSpecsBase","schema_type":"Iced"},"name":"cv_2_valid","type":"string","format":"%s","description":"cv_2_valid"},{"__meta":{"schema_version":-1,"schema_name":"ColumnSpecsBase","schema_type":"Iced"},"name":"cv_3_valid","type":"string","format":"%s","description":"cv_3_valid"},{"__meta":{"schema_version":-1,"schema_name":"ColumnSpecsBase","schema_type":"Iced"},"name":"cv_4_valid","type":"string","format":"%s","description":"cv_4_valid"},{"__meta":{"schema_version":-1,"schema_name":"ColumnSpecsBase","schema_type":"Iced"},"name":"cv_5_valid","type":"string","format":"%s","description":"cv_5_valid"}],"rowcount":7,"data":[["mae","mean_residual_deviance","mse","r2","residual_deviance","rmse","rmsle"],["777.67694","1241068.5","1241068.5","0.57325053","1241068.5","1113.7556","0.546812"],["20.295637","62226.055","62226.055","0.022099147","62226.055","27.770761","0.011955921"],["772.5706","1222295.1","1222295.1","0.5902506","1222295.1","1105.5746","0.5395133"],["794.42487","1275263.6","1275263.6","0.5804671","1275263.6","1129.2756","0.5428491"],["756.9517","1181702.9","1181702.9","0.55873567","1181702.9","1087.0616","0.53789294"],["803.0789","1331876.5","1331876.5","0.54237396","1331876.5","1154.0696","0.5673814"],["761.3586","1194204.6","1194204.6","0.59442514","1194204.6","1092.7968","0.5464232"]]},"status":null,"start_time":1613893891871,"end_time":1613893898229,"run_time":6358,"default_threshold":0.5,"help":{"validation_metrics":"Validation data model metrics", "cross_validation_metrics_summary":"Cross-validation model metrics summary", "start_time":"Start time in milliseconds", "run_time":"Runtime in milliseconds", "status":"Job status", "domains":"Domains for categorical columns", "reproducibility_information_table":"Model reproducibility information", "model_category":"Category of the model (e.g., Binomial)", "default_threshold":"Default threshold used for predictions", "__meta":"Metadata on this schema instance, to make it self-describing.", "variable_importances":"Variable Importances", "model_summary":"Model summary", "scoring_history":"Scoring history", "help":"Help information for output fields", "end_time":"End time in milliseconds", "names":"Column names", "column_types":"Column types", "original_names":"Original column names", "cross_validation_fold_assignment_frame_id":"Cross-validation fold assignment (each row is assigned to one holdout fold)", "training_metrics":"Training data model metrics", "cross_validation_models":"Cross-validation models (model ids)", "cross_validation_metrics":"Cross-validation model metrics", "cross_validation_predictions":"Cross-validation predictions, one per cv model (deprecated, use cross_validation_holdout_predictions_frame_id instead)", "init_f":"The Intercept term, the initial model function value to which trees make adjustments", "cross_validation_holdout_predictions_frame_id":"Cross-validation holdout predictions (full out-of-sample predictions on training data)"},"variable_importances":{"__meta":{"schema_version":3,"schema_name":"TwoDimTableV3","schema_type":"TwoDimTable"},"name":"Variable Importances","description":"","columns":[{"__meta":{"schema_version":-1,"schema_name":"ColumnSpecsBase","schema_type":"Iced"},"name":"variable","type":"string","format":"%s","description":"Variable"},{"__meta":{"schema_version":-1,"schema_name":"ColumnSpecsBase","schema_type":"Iced"},"name":"relative_importance","type":"double","format":"%5f","description":"Relative Importance"},{"__meta":{"schema_version":-1,"schema_name":"ColumnSpecsBase","schema_type":"Iced"},"name":"scaled_importance","type":"double","format":"%5f","description":"Scaled Importance"},{"__meta":{"schema_version":-1,"schema_name":"ColumnSpecsBase","schema_type":"Iced"},"name":"percentage","type":"double","format":"%5f","description":"Percentage"}],"rowcount":11,"data":[["Item_MRP","Outlet_Identifier","Item_Identifier","Outlet_Type","Item_Weight","Item_Visibility","Item_Type","Outlet_Establishment_Year","Outlet_Size","Item_Fat_Content","Outlet_Location_Type"],[3.05270849536E11,9.05984E10,8.5571903488E10,7.7428744192E10,4.502392832E10,3.777230848E10,3.6468903936E10,2.11931136E10,1.7016231936E10,1.0831952896E10,9.349179392E9],[1.0,0.29678038416608105,0.2803146897847142,0.253639495253768,0.147488462748522,0.12373375491768199,0.11946408899320501,0.06942396770675195,0.05574142425280377,0.03548308956608256,0.030625850474129433],[0.4144742347647902,0.12300782262043689,0.11618321654184896,0.10512703570143313,0.061130167734328916,0.05128445338408034,0.04951478686733144,0.028774445889591525,0.023103384161880357,0.01470682639499258,0.012693625939285682]]},"init_f":0.0},"compatible_frames":null}
